policy,arpdau,retention,coverage
baseline,0.020116131033319107,0.7767419277837881,1.0
ml,0.01453612616457732,0.7767998089297886,0.925024565025359
